metric,control,treatment,uplift,p_value
conversion_rate,0.09857861534776012,0.11120461649434961,0.012626001146589488,2.0410470882781514e-06
